Scenario,Max Error,Mean Error
1D - Sine Wave,0.0,0.0
1D - Cosine Wave,0.0,0.0
1D - Square Wave,0.0,0.0
1D - Random Noise,0.0,0.0
1D - Gaussian,0.0,0.0
2D - Sine + Cosine,1.9984014443252818e-15,3.5143129725745405e-16
2D - 2D Gaussian,7.216449660063518e-16,1.1790061657003526e-16
2D - 2D Square Wave,2.6645352591003757e-15,4.239043144282917e-16
2D - 2D Random Noise,2.4424906541753444e-15,4.958883997874253e-16
2D - High Frequency Sine,1.9984014443252818e-15,3.9742931168262883e-16
